{
  "model": "ModelD_RETFound",
  "mean_qwk": 0.9163339572180418,
  "std_qwk": 0.007685580670619411,
  "total_time_seconds": 39461.954616069794
}