{
  "model": "ModelB_SwinV2T",
  "mean_qwk": 0.9074351144795898,
  "std_qwk": 0.005107500029901269,
  "total_time_seconds": 10230.386953353882
}